ID,leaf_rust,stem_rust,healthy_wheat
1NCGYL,0.9747321,0.022470882,0.002796979
0JIX2C,0.000128823,0.9998492,2.19E-05
008FWT,0.012044025,0.96521384,0.02274209
26MSDN,0.9043298,0.088019334,0.00765091
00AQXY,0.1337573,0.86035675,0.005885945
2A1J3E,0.92410934,5.80E-05,0.07583266
01OJZX,0.012044025,0.96521384,0.02274209
3HQ3PI,0.92695254,0.02291261,0.05013486
3XZTJC,0.046383888,0.9133704,0.040245723
44P9JJ,2.40E-05,0.9987663,0.001209776
085IEC,5.70E-05,0.000190121,0.99975294
45HKLN,0.063473225,0.47482845,0.46169838
4LN6L6,0.99590695,0.002445885,0.00164719
513FKC,0.000495509,0.9939335,0.005571012
4Z2Z6Y,0.007001589,0.9920195,0.000978917
4J0AQ2,0.000124807,0.9828613,0.017013857
08O2YE,0.002437993,0.9923768,0.005185156
66BJ7B,0.006171583,0.9753876,0.018440882
6CSSKO,0.04063084,0.93902576,0.020343427
69KEFW,0.9747321,0.022470882,0.002796979
630YN8,0.9599213,0.036141004,0.003937713
0GJFRQ,0.001630944,0.99667704,0.001692051
7FBK0I,0.7905351,0.15014243,0.05932251
7L8I9W,0.07424909,0.92436737,0.001383585
770SDM,0.9597662,0.027366783,0.012867058
0J3PQ7,0.052060198,0.93609977,0.011840024
8MPF2S,0.9513817,0.011145093,0.037473187
0K9T9T,0.003956077,0.99581665,0.000227244
AA2RK9,0.11676415,0.843978,0.03925779
99LHT9,0.07555144,0.9049456,0.01950289
AD54KD,0.11676415,0.843978,0.03925779
0KAN82,0.00012886,0.9992514,0.000619713
0L5TC8,0.91771793,0.007228333,0.07505383
C8F2PR,0.7473086,0.22555543,0.027136022
0M9DP3,2.81E-06,0.99984705,0.000150169
DMWVNR,0.008469847,0.08381565,0.9077145
ENU2K6,0.24972658,0.043572173,0.7067012
EN5EK8,0.6848768,0.31072688,0.004396245
G7171A,5.51E-06,0.99952245,0.000472086
0OATVC,0.14345655,0.71878767,0.13775575
H091MF,0.000113851,0.99982566,6.06E-05
HFV4BK,0.9952715,0.001152064,0.003576422
HGSMHR,9.97E-05,0.99983025,7.01E-05
H85TRT,0.000124807,0.9828613,0.017013857
HECXGM,0.98369515,0.008603683,0.007701164
0SB9C6,0.03353287,0.93691075,0.029556397
JLQPWF,0.07328315,0.9142003,0.012516514
109IJP,0.01742615,0.019559609,0.96301436
L5J6RO,0.94569886,0.003578018,0.050723072
KYH823,0.9939779,0.000148079,0.005874027
LF90OY,0.006171583,0.9753876,0.018440882
LIP25C,0.9893181,0.009402954,0.001279024
LTKPZ8,0.3429501,0.07527414,0.5817757
13GW8I,0.8328917,0.01304886,0.1540594
MKUVEU,0.009182841,0.9906735,0.00014365
NPQJUS,0.64113367,0.000685723,0.35818064
MO69MI,0.97335625,0.02093469,0.005709061
NN5F6I,0.99988973,9.06E-06,0.000101254
1DIKQJ,0.006068255,0.94258505,0.051346768
MU5BXX,5.51E-06,0.99952245,0.000472086
OOALVQ,0.007001589,0.9920195,0.000978917
OPYUWH,0.59089535,0.38764754,0.021457087
1HM2XF,0.45883134,0.5392105,0.001958081
QMYOJ6,0.00034215,0.99907637,0.000581505
POV53J,0.006846576,0.016342819,0.9768106
PQLRGZ,0.8458006,0.1512793,0.002920044
1R1HEY,0.07490985,0.83636117,0.088729
ULCPMW,0.9893295,0.004222161,0.006448347
UFKL09,0.97588605,0.004465601,0.01964834
UD23TV,0.19702789,0.80152327,0.001448846
UF4NXJ,0.41625127,0.40897235,0.17477639
URXE6M,0.3496166,0.6489242,0.001459278
VW34Z3,0.9231231,0.07392879,0.002948145
V9HEG6,0.000128823,0.9998492,2.19E-05
1UJG28,0.9744119,0.010221273,0.015366836
XKXIOC,0.000239246,0.9930869,0.006673799
XGCF0C,0.075756334,0.8402417,0.08400207
1UUIVR,0.96536934,0.002190515,0.032440115
ZMAB3R,0.88609415,0.10369522,0.010210695
1WP5MJ,0.34978095,0.20368423,0.44653484
1WSHC2,0.11035261,0.88874,0.000907411
24NGN1,0.20730238,0.73988533,0.05281228
25KFBP,0.08992045,0.85472316,0.055356327
28ZT9U,0.85208195,0.14517914,0.002738877
QZCK7S,0.000495509,0.9939335,0.005571012
SYFAQK,0.00034215,0.99907637,0.000581505
RMI50F,0.04063084,0.93902576,0.020343427
2B7M5Y,0.001486023,0.99523634,0.003277653
U2GLZO,0.30484197,0.6942302,0.000927816
2DAFN2,0.9997229,0.000256027,2.11E-05
2EJ10A,0.6108336,0.040016316,0.34915012
2JFP1V,0.00071293,0.99657154,0.002715505
2RD61E,5.08E-05,0.9998864,6.29E-05
2TLYBN,0.001486023,0.99523634,0.003277653
2UP3BD,0.005992428,0.99031526,0.003692289
2X9AJD,0.002370586,0.9973864,0.000242978
2Z4K3R,0.15144064,0.83200383,0.01655555
31GWYB,0.000226701,4.66E-05,0.9997267
3617JB,0.00018388,0.9994104,0.000405691
3EU616,0.006769544,0.9929086,0.000321829
3FJAUN,0.000121104,0.99915206,0.000726856
3LEBBE,0.001630944,0.99667704,0.001692051
3QYBX8,0.5066903,0.488666,0.004643749
3SL5BH,0.000334234,0.9989557,0.000710005
3TC5J1,0.6838507,0.27797616,0.03817313
3UZ447,0.000949175,0.8081804,0.19087042
3Y7B9H,0.001389455,0.002171757,0.99643886
44C3D0,0.9869811,0.000520957,0.012497944
476JFR,0.003281423,0.9896829,0.00703562
47Y0EN,0.07841298,0.9167968,0.004790215
4BNHPI,0.002254378,0.9884642,0.009281414
4BXHHC,0.9959637,3.28E-05,0.004003337
4C6BNB,0.994201,0.000790989,0.005008037
4CCP3Y,0.018937198,0.001829402,0.9792333
4DPZTB,0.22044271,0.000829999,0.77872723
4GSOVC,0.16476949,0.8159129,0.019317579
4H1YI5,0.9614519,0.010694026,0.027854081
4U2CGA,0.998528,0.001182694,0.000289271
50GZHW,0.00119678,5.09E-06,0.99879813
54ZZDF,0.000166389,0.00713169,0.9927019
566UF3,0.000307455,0.9880973,0.011595322
56SNDY,0.000334234,0.9989557,0.000710005
59XKQY,0.14715335,0.79182214,0.06102451
5I8R0P,0.000188557,0.9997801,3.14E-05
5IQ4SM,0.06807328,0.001495161,0.93043154
5LY2EZ,0.7543271,0.21821216,0.027460698
5O37UP,0.006463872,0.9912684,0.002267744
5O7BED,0.07490985,0.83636117,0.088729
5QVR77,0.9942471,0.005334163,0.000418799
5RZ9WS,0.013172937,0.001936605,0.9848904
61EW8T,0.000103838,0.000333918,0.9995623
62SE3K,0.93524706,0.06283697,0.001916013
643083,0.48913923,0.017057901,0.49380285
64NM6J,0.018468464,0.18930157,0.79223
6MVSPH,0.96262074,0.002279449,0.0350998
6TBILJ,0.000759269,0.9990637,0.000177051
6VCZTR,0.043478034,0.10166134,0.8548606
70N4MI,0.004315523,0.00026119,0.99542326
7A27J0,0.013172937,0.001936605,0.9848904
7AJUBC,0.038677126,0.41130766,0.5500152
7C09OS,0.002370586,0.9973864,0.000242978
7FIYNT,0.24718787,0.65551656,0.09729558
7FRVBT,0.12775591,0.85857296,0.013671108
7HWYNO,0.04310607,0.9459258,0.010968179
7HYV1S,0.021492077,0.002874063,0.97563386
7TQ2FE,0.08687284,0.87800527,0.03512189
7YRETU,0.92479265,0.05293748,0.022269899
84FZDZ,0.09803617,0.000336668,0.90162724
85YFKR,0.035527788,0.014838523,0.9496338
86M6FQ,0.9734475,0.001262024,0.025290485
87XMNV,0.028246759,0.9581485,0.013604833
8B92KC,0.000145503,0.9926934,0.00716101
8BK2PD,0.005843154,0.006371508,0.98778534
8MCLGV,0.99720275,0.001263765,0.001533527
8NRRD6,0.055990353,0.94038504,0.003624617
8TIH31,0.85208195,0.14517914,0.002738877
8UWVT9,0.0865377,0.8451508,0.068311445
8W40NI,0.000256896,0.99806005,0.001683053
8ZA12G,0.002677853,6.78E-05,0.9972543
92BY2V,0.000301177,0.99828196,0.001416916
991ULH,0.9640097,0.012577601,0.023412617
9K455I,0.015962591,0.7570031,0.2270343
9PZOH9,0.003275984,0.9935302,0.003193775
9QX0BV,0.08679911,0.61478657,0.2984143
9ZUXDP,0.038677126,0.41130766,0.5500152
A22GNM,0.24718787,0.65551656,0.09729558
A5R7N5,0.780623,0.19728859,0.022088423
A8BFPN,0.000330569,0.99958545,8.40E-05
ADM9WH,7.06E-06,0.9998616,0.000131377
ASWEM4,1.90E-05,0.9996512,0.000329855
AXVIDD,0.0404981,0.9578468,0.001655101
B7A4WN,3.53E-05,0.9987404,0.00122439
B8BA82,0.9988533,0.000442934,0.000703692
B9CYAF,0.73765826,0.10000507,0.16233663
BE0SDD,0.9998203,6.04E-06,0.000173606
BN5L96,0.000486105,0.9987734,0.000740432
BR5HS1,7.06E-06,0.9998616,0.000131377
BXDDND,0.6180865,0.08477461,0.29713896
C12J44,0.012580557,0.000153206,0.9872662
C3LIDU,0.86177504,0.099598,0.038627014
C96KHN,0.7777625,0.001385284,0.22085226
C9K49P,0.006093622,0.9843396,0.009566795
CJI2ZI,0.005992428,0.99031526,0.003692289
CJKDD9,0.003275984,0.9935302,0.003193775
CTKEVP,0.000711498,0.9988524,0.000436151
CVP2F1,0.006093622,0.9843396,0.009566795
CW0A8P,0.567312,0.12998424,0.30270377
CWFUHX,0.001389455,0.002171757,0.99643886
CZV7V8,0.00333223,0.9960776,0.000590159
D47QCW,0.48913923,0.017057901,0.49380285
DFJMOK,0.040283028,2.43E-05,0.9596927
DJ2O5O,5.83E-06,0.99543214,0.004562095
DK3M7U,0.968032,0.02812387,0.003844188
DSKH8C,0.000393966,0.99650794,0.003098062
DSPYUI,0.008136154,0.000745792,0.991118
DSTYNQ,0.3479892,0.003775901,0.64823496
DT051P,0.6180865,0.08477461,0.29713896
DWS774,0.105261855,0.27247724,0.62226087
E3UUAH,0.48333138,0.02085482,0.4958138
EF1VE8,0.9954899,0.001963011,0.002547058
EK02MQ,0.0404981,0.9578468,0.001655101
ELN2OX,0.001402949,0.000710074,0.99788696
ELQYW8,0.001362486,0.000966674,0.9976708
ENCNA4,0.97941965,0.00103661,0.019543828
EO5HB4,0.086417034,0.8627841,0.050798833
ERHSBV,0.005696374,0.002140212,0.9921634
ETB5K9,0.09925076,0.87197965,0.028769573
ETFAA4,0.48333138,0.02085482,0.4958138
EY1RVI,0.5391363,0.014951729,0.4459119
EYM7FV,0.9614519,0.010694026,0.027854081
F16156,2.21E-06,0.99977046,0.00022737
F254OR,1.02E-05,2.42E-05,0.99996567
F3ST2N,0.056587648,0.9429452,0.000467226
FCSIZW,1.06E-05,0.9970092,0.002980155
FDZAG6,0.59042317,0.37585837,0.03371851
FFHGCR,0.000640132,0.997412,0.00194789
FKJ27S,8.85E-06,0.99995816,3.29E-05
FKPU4K,0.99763894,0.000972252,0.001388899
FL2RE2,0.22313935,0.5472766,0.229584
FNLBVY,0.36374176,0.5704816,0.065776676
FQ76KG,0.001486023,0.99523634,0.003277653
FR69CL,0.001110249,0.9982907,0.000598969
FSWBAA,0.35766095,0.57041746,0.07192161
G1S125,0.006375152,0.9934356,0.000189299
G2VH1H,0.99642,5.35E-05,0.003526454
G62S7Q,0.87948304,0.007653844,0.11286309
G7WKXC,0.88127,0.001671372,0.11705873
G9LU3H,0.01742615,0.019559609,0.96301436
GAV4C1,0.9998374,6.71E-05,9.55E-05
GE2DXP,0.18176463,0.78530675,0.032928646
GFEE4O,0.110219136,0.007152414,0.8826285
GNU6AP,2.78E-05,0.99567646,0.004295826
GRI4UU,0.000122713,0.9994092,0.000468134
GRR4M5,0.006769544,0.9929086,0.000321829
GSWZ1G,0.56773144,0.005813436,0.42645517
GU40NL,0.00122021,0.9975853,0.001194454
GV8I76,4.70E-06,0.99890494,0.001090315
GWXVSQ,0.99411726,0.003749743,0.002133082
H0709X,0.99640685,0.000173514,0.00341959
H3XNNP,0.9983754,0.000104476,0.001520104
H70U3U,0.03386196,0.86239594,0.10374215
HAX88W,0.37984487,0.6129633,0.00719178
HHE4UD,0.9915679,0.007337844,0.001094178
HK4HT6,0.027088372,0.001204098,0.9717075
HQ3927,0.105261855,0.27247724,0.62226087
HUQX87,0.007541293,0.9778415,0.014617197
HZSNLW,0.6339065,0.000867418,0.36522606
I0AOAD,0.9994454,9.65E-06,0.000544982
I2GA4N,0.25908563,0.040055383,0.700859
I3C3YL,0.8527829,0.032660536,0.114556596
I5VAXH,0.023050671,0.97541535,0.001533988
I83ILL,0.006093439,0.9462049,0.047701612
IDASA8,0.001275156,0.8763987,0.12232617
IGFK64,0.81435,0.16413677,0.021513272
IGS79C,0.93318444,0.05763505,0.009180379
INMX1M,0.89143306,0.031721402,0.07684558
IQD2S6,0.037139867,0.9533456,0.009514567
ITA5CF,0.57369864,0.000252687,0.42604867
JCT42O,0.00119678,5.09E-06,0.99879813
JD4FQG,0.9997421,3.00E-05,0.000227921
JHIN63,0.9645627,0.00113552,0.03430179
JJFDPS,0.013821073,0.98442703,0.001751935
JLG9QX,0.000840297,0.99681336,0.002346355
K8I8PV,0.9587406,0.008350688,0.03290874
KJ90GY,0.9984365,0.001271337,0.000292197
KO0PV1,0.002612173,3.43E-05,0.99735343
KR5A3P,7.03E-05,0.99888486,0.001044815
L2JR4M,0.011497703,0.000349975,0.9881523
L7W1SK,0.000949175,0.8081804,0.19087042
L9U7RS,0.019645745,0.8205825,0.15977173
LA5BBQ,0.9976446,0.000208488,0.002146866
LB8UML,0.9829296,0.014480552,0.002589935
LE4WVZ,0.9861645,0.013106911,0.000728668
LFJN5F,0.028102227,0.00222506,0.96967274
LGF6GU,0.3479892,0.003775901,0.64823496
LHT58R,0.017585097,0.5393168,0.44309813
LJ48OC,0.9988055,4.77E-05,0.001146767
LL93NP,5.70E-05,0.000190121,0.99975294
LN8U2L,0.003601243,0.9924224,0.00397639
LNYFAZ,0.022695327,0.96321064,0.014094112
LQLMT6,0.000486105,0.9987734,0.000740432
LQRWP1,0.00021381,0.9981876,0.00159856
LT0KA0,0.34070516,0.5519418,0.107353
M9RQNE,0.001073312,0.99331784,0.005608813
MCWG84,0.03029329,0.000227219,0.96947956
MD84QB,0.006068255,0.94258505,0.051346768
MG6QMS,0.000307455,0.9880973,0.011595322
MZHRWG,0.27428243,0.4551904,0.27052718
N567QP,0.043478034,0.10166134,0.8548606
NDDDKK,0.002677853,6.78E-05,0.9972543
NGZ2X2,4.65E-06,0.99984074,0.000154623
NH3AZE,0.002240823,0.9809764,0.016782776
NK8R1S,0.055984356,7.98E-05,0.9439359
NURNH0,0.97760516,0.000747561,0.021647235
NYJHQI,0.000189386,0.88961756,0.11019307
O2A1R8,0.99792564,0.002040775,3.35E-05
O2N892,0.001938745,0.9687923,0.029268954
O7V8IB,0.0367195,0.95727843,0.006002115
OBZOCF,0.7576373,0.20510815,0.037254587
OCEBS4,2.22E-05,0.99629104,0.003686803
OE2KYL,2.76E-05,0.99851245,0.001459895
OK5TQU,0.000390023,0.9994062,0.000203809
OLG8KI,0.6339065,0.000867418,0.36522606
OR3QHI,0.78536093,0.008916354,0.20572281
OS8FB2,0.003737471,0.99601376,0.00024878
OVOLCQ,0.006730449,0.9921842,0.001085289
OWX65S,0.08987025,0.90939915,0.000730567
P3NJLX,0.7777625,0.001385284,0.22085226
PEA0HS,0.9647561,0.005258646,0.02998535
PHF5WX,0.9061714,0.08895084,0.004877726
PKRMNK,0.7644077,0.21443997,0.021152312
PO0STE,0.000145503,0.9926934,0.00716101
PSO8V7,3.65E-05,0.9971,0.002863576
PU3KS5,0.25908563,0.040055383,0.700859
PW2MCN,0.018937198,0.001829402,0.9792333
PXQ79D,0.002612173,3.43E-05,0.99735343
QA7IYK,0.25917947,0.73348373,0.00733674
QAF4XR,0.006918083,0.9921111,0.000970781
QBMCSF,0.9999715,1.54E-05,1.32E-05
QCMWSP,0.005288436,0.97935736,0.015354265
QFA7WV,0.000673353,0.99430794,0.005018678
QP94SG,0.01622604,0.97089356,0.012880342
QSLW1A,5.24E-05,0.999894,5.36E-05
RF4O17,0.77829736,0.10849865,0.113204025
RFU9SJ,0.9966577,0.001142298,0.00220002
RIHVGZ,0.24762,0.41533554,0.3370445
RMFE9V,0.006538136,0.99257046,0.0008914
ROPN18,0.032238606,0.9634331,0.004328364
RT7JR4,0.000295751,0.97084147,0.028862797
RX81A2,0.18325366,0.7761286,0.04061776
RYKGHW,0.9645627,0.00113552,0.03430179
RZAMH5,0.055633895,0.84730905,0.09705706
S2O52E,0.006792234,0.9526422,0.040565543
S7MCDT,0.27871796,0.64655036,0.07473164
SMIV0G,0.99640685,0.000173514,0.00341959
SS11ZQ,0.20712373,0.7812514,0.011624835
SU8SJG,0.053428266,0.823239,0.12333276
T68ZLY,0.21705708,0.76455575,0.018387139
T7LG0W,2.76E-05,0.99851245,0.001459895
T9U9XS,5.46E-06,0.9403583,0.05963628
TC0TZS,0.9999715,1.54E-05,1.32E-05
TD4ETQ,0.5066903,0.488666,0.004643749
TDZOK8,0.8299893,0.12355048,0.0464602
TFSHIJ,0.000759269,0.9990637,0.000177051
TMOGMF,0.8222921,0.17286675,0.004841124
TO708O,0.85354096,0.00059857,0.14586042
TVPKJX,0.5867539,0.24292836,0.17031768
TVV0DY,0.000389335,0.99505204,0.004558609
U15LHF,0.004745821,0.994958,0.000296238
U2QBSA,0.9992939,0.000289261,0.000416865
U3XZKZ,0.9994666,5.77E-06,0.00052765
U4I5QJ,0.050057556,0.033014387,0.91692805
U8JG8D,0.035039507,0.9642447,0.000715758
U8L2AD,0.111953795,0.8875521,0.000494159
UC43IC,0.43100655,0.5627384,0.006255008
UGQ06J,0.000609433,0.9816809,0.017709574
UIPPYH,7.51E-06,0.99277425,0.007218248
V967QV,0.03894654,0.9546636,0.006389869
VBR6L3,0.999446,0.000507557,4.65E-05
VF88W8,0.053428266,0.823239,0.12333276
VHVC6L,0.000109021,1.79E-05,0.99987304
VWNRJV,3.71E-05,0.991994,0.007968854
VXATQV,0.0367195,0.95727843,0.006002115
VZ7SD1,0.001306026,0.97735345,0.021340583
WCJ52P,0.023050671,0.97541535,0.001533988
WCY8TY,7.51E-06,0.99277425,0.007218248
WP4QZT,3.40E-06,0.9993912,0.000605363
WVLN4Q,1.06E-05,0.9970092,0.002980155
WXX7FT,0.039916854,0.9576432,0.002439903
WYNVC7,0.7543271,0.21821216,0.027460698
X1UJGJ,0.9937503,0.002417121,0.003832604
X2P0VH,0.9640097,0.012577601,0.023412617
X49T3Q,0.973191,0.005946034,0.020862883
X7336C,0.82668763,0.1322052,0.04110712
XEM0EN,0.9998374,6.71E-05,9.55E-05
XFLV58,0.055984356,7.98E-05,0.9439359
XGYBWF,0.9988533,0.000442934,0.000703692
XNXYRH,0.99243516,0.001085432,0.006479323
XRSROJ,0.1967526,0.7962339,0.00701355
XVZ454,0.007665803,0.9772249,0.015109314
XW716R,0.9781708,0.000583638,0.02124556
Y1BK8U,0.7644077,0.21443997,0.021152312
YBYJWV,0.9997421,3.00E-05,0.000227921
YC778I,0.48115796,0.12351623,0.39532584
YJDMJX,0.04489691,0.000319214,0.95478386
YK16PZ,8.85E-06,0.99995816,3.29E-05
YN33U7,0.001022806,0.9573819,0.04159527
YQ8BG3,0.9296345,0.006102608,0.06426295
YUX9Y2,0.2393325,0.7592781,0.001389413
YV619U,0.006730449,0.9921842,0.001085289
YWVGLF,0.000137592,0.07197742,0.92788494
YYBG2V,0.05732682,0.9356009,0.007072271
Z63BLU,0.8411106,0.001962928,0.15692647
Z7JMTK,0.9982186,0.00025821,0.001523106
Z7V1P8,0.00929621,0.9892235,0.001480315
Z8067W,0.000726038,0.99823076,0.00104318
ZC1FWW,0.000530976,0.013112132,0.98635685
ZFYYJ7,0.000724932,0.9970174,0.002257681
ZKF0L9,0.22488704,0.002786953,0.772326
ZSZMOS,0.7102981,0.12965232,0.16004948
ZTWSDG,0.20730238,0.73988533,0.05281228
29EECO,0.24762,0.41533554,0.3370445
07OXKK,0.0504027,0.000158477,0.9494388
08WLJO,0.95484704,0.00390579,0.041247256
0E1VTP,0.1480032,0.007697279,0.8442995
0KUZ3P,0.001260745,3.05E-05,0.9987087
0Y28MS,0.025842853,0.001775384,0.9723818
1BBY5N,0.99361885,0.000121713,0.006259448
1DVSQ2,0.98033696,0.0046819,0.014981198
1JPXPR,0.7613301,0.19847381,0.04019612
27CXW6,0.99837,0.000519459,0.001110498
29QHAM,0.09327091,0.78092694,0.12580214
2A95RQ,0.13096823,0.803341,0.06569073
2G71YU,0.9288864,0.010059224,0.061054304
2NB0GZ,0.98311126,0.000201747,0.016687058
2WZMHJ,0.9805565,0.003645053,0.015798446
2XCJEM,0.9449143,0.023283714,0.031801984
36J4N7,0.8876705,2.09E-05,0.112308554
3FMX4F,0.004846847,0.057012487,0.9381407
3HTS4K,0.99978465,7.10E-06,0.000208211
3PMT29,0.46054605,0.5283144,0.011139496
3QZDCW,0.99953663,2.73E-06,0.000460597
3RITFB,0.89624256,0.000505783,0.10325169
3UY9NX,0.9683148,0.001405023,0.030280111
43AW2T,0.017851068,0.9544988,0.027650101
45W9CB,0.026386414,0.029962966,0.94365054
4EMA2X,0.96973354,0.002704994,0.027561486
4JIVV3,0.9574092,0.000469425,0.042121354
4UUK28,2.21E-05,0.9996024,0.000375508
56HDSQ,0.6731147,0.12358246,0.20330282
58RYVJ,0.99490005,0.004237535,0.000862461
5KLFGH,0.000335599,0.99643517,0.003229243
5ZV470,0.013119906,0.9864948,0.000385329
5ZYD0Z,0.99825233,9.44E-06,0.001738193
65ZIX2,0.005513902,0.9833776,0.011108548
6OR8LX,0.99269485,0.006747064,0.000558076
6RQGO4,0.37078917,0.49245626,0.13675457
73LCCX,0.032501165,0.9497689,0.017729871
7K49J7,0.99867404,7.85E-05,0.001247545
7OIDOG,0.004076449,1.10E-05,0.9959125
7QXINN,0.008603777,6.71E-05,0.9913291
7R79YI,0.068444535,0.01981416,0.9117413
7VKX0H,0.9983669,3.00E-05,0.00160315
7WHRMW,0.018048057,8.38E-06,0.98194355
83Z7CK,0.97691023,0.018857744,0.004232081
84KKPV,3.69E-05,0.99970335,0.000259629
8DBV24,0.95590025,0.039627142,0.00447259
8EGYGH,0.40452486,0.5903507,0.005124501
8K268S,0.7680428,0.022438852,0.20951834
8LJHN6,0.000153603,0.9994759,0.000370576
8PM0C4,0.011580729,0.07865644,0.9097628
8WNRN5,0.98808646,0.002916918,0.008996585
8WTRO2,0.018632025,0.19438122,0.7869867
98B5MA,0.049364887,0.89017785,0.060457245
A35NKL,0.9981141,0.000278895,0.001606992
A3XMJG,0.7862939,0.16428347,0.049422596
A71S2G,7.31E-05,0.99652964,0.00339736
ACCC3M,0.9762422,0.006492181,0.017265575
AJTPKP,0.999335,1.17E-06,0.000663749
AQ9G8P,0.9992963,0.000109558,0.000594021
AQNWMU,0.99816483,5.26E-06,0.001829983
B5Z53V,0.9465925,0.045399535,0.008008024
B6767Y,0.98749465,1.48E-05,0.012490687
BDVR3G,7.77E-05,0.9995295,0.000392863
BM4CGJ,0.99181247,0.004404933,0.003782608
BY3KQK,0.000641911,0.99861836,0.000739718
C00UDR,0.031111563,0.29294565,0.6759428
C3HVUP,0.9956665,0.00128099,0.003052502
C4TEDN,0.044924382,0.94106877,0.014006794
C7ORQ3,0.09704718,0.8220434,0.08090936
CA6QE3,0.99971825,0.000141511,0.00014026
CON3Q6,0.000227634,0.99950314,0.000269214
CRAO3W,0.996434,1.54E-06,0.003564498
CS8I7X,0.999166,2.93E-06,0.000830984
CVJKQ0,0.99776983,0.001202252,0.001027967
CZEKO2,0.88490057,0.008636281,0.10646311
D6TACK,0.9761405,0.003197481,0.020662041
D9POPP,0.98694336,0.00810035,0.004956185
DA6ERF,0.9083214,0.035860922,0.055817693
DAE2E6,0.79507613,0.06586119,0.13906264
DPN5Y4,0.000296016,0.004640994,0.995063
DZKYZG,0.007896948,0.002898085,0.989205
E1UT92,0.94557124,0.025275746,0.029152988
E5Y6C2,0.9853799,0.005939346,0.008680717
E7U5LA,0.8088505,0.05138623,0.13976327
E830B4,0.001102693,0.000866478,0.99803084
EJJNP8,0.043216735,0.9547648,0.002018545
ELRIT5,0.003069024,0.99686474,6.62E-05
EMTPG4,0.9969819,0.000981773,0.002036271
EXK568,0.00532452,0.93701416,0.057661273
F0BMJU,0.001373586,0.9973484,0.001277988
F0YDOW,0.99823904,1.78E-05,0.00174324
F3J2L6,0.92430454,0.07436148,0.001333968
FDYILZ,0.0190294,0.9291607,0.051809866
FWIQO3,0.008918248,0.9424189,0.048662897
G0TFZN,0.9966685,0.001279666,0.002051767
G29JG9,0.99510795,0.00290519,0.001986848
G5P8A1,0.99984205,4.72E-05,0.000110674
G8036S,0.99579144,0.000179332,0.004029222
G9QN1Q,0.004315,0.017448124,0.97823685
GDYXBN,0.029948328,2.51E-06,0.9700492
GSVCRY,0.9935075,0.006053367,0.000439153
GTQC1H,0.028019892,0.370834,0.60114604
GVRCWM,0.00071352,0.9988306,0.00045592
H11R0E,0.3542839,0.013344173,0.63237196
H5L2XQ,0.00052369,0.000360339,0.999116
HHFCSR,0.89375275,0.062283356,0.043963846
HPKJP6,0.9712932,0.0008847,0.027822005
I0VHG7,0.98282963,5.20E-06,0.017165234
I1ZX1E,0.99967957,9.13E-06,0.000311235
I6JD81,0.99635303,1.94E-05,0.003627671
IFUPRC,0.020257687,5.13E-06,0.9797372
IG612B,0.9997174,1.55E-06,0.000280973
IMP5ZT,0.99490005,0.004237535,0.000862461
IN6BS9,0.14741176,0.7317955,0.12079279
IR4P99,0.96879196,0.012572377,0.018635701
JGIDPU,0.9604661,0.00370738,0.03582654
K4KG21,0.9631216,0.000345423,0.036532883
K74DSX,0.9574092,0.000469425,0.042121354
KH8YZM,0.017282639,0.012901094,0.9698164
KHL8RD,3.87E-07,0.99997175,2.78E-05
L1R3KO,0.46054605,0.5283144,0.011139496
L6VGHO,0.9879238,0.011447494,0.000628717
LGDGLF,0.07880125,0.35504016,0.56615853
LGMAZF,0.9914995,0.002372714,0.006127874
LK4LU1,0.9987978,0.000468281,0.000733881
LNHUUG,0.26118758,0.10406297,0.6347494
LY6HHL,0.99953663,2.73E-06,0.000460597
LYU01I,0.47660846,0.012831011,0.5105606
M2I0TS,0.997629,0.000871109,0.001499866
M9PTBN,0.060618144,0.9192853,0.020096593
MB44H4,0.83644164,0.13832,0.02523835
MFWPB0,0.993576,9.32E-05,0.006330791
N0HX6Y,0.007961719,0.06643536,0.9256029
NBAOVK,0.9925101,0.000532981,0.006956881
NLB59M,0.99996865,2.43E-05,6.98E-06
NQUCTF,0.9708589,0.010406889,0.01873415
NS8DVC,0.92792755,0.027156362,0.044916064
NXCA0Q,0.62347525,0.3537388,0.022785928
O8QEI5,0.23137435,0.72839516,0.04023046
OCUL7A,2.04E-07,0.9999894,1.04E-05
ODZH9T,0.9551881,0.001199379,0.04361253
OHDGS7,0.31031635,0.68365926,0.006024329
OLIZFO,0.7511543,0.22985277,0.018992929
ON9PIT,0.99029934,0.00366677,0.006033947
OSMWTE,0.46580446,0.2243011,0.3098944
P2SLLF,0.00050724,0.9972391,0.002253653
PDMILG,0.016786125,0.93256295,0.05065095
PDTDLS,0.8301946,0.12555283,0.044252537
Q1OIWW,0.39548513,0.106260285,0.49825463
QBQ3MU,0.471345,0.16709882,0.36155617
QESDCL,0.9500558,0.002724259,0.047219962
QJE37W,0.99958986,5.47E-05,0.000355396
QOAIJ3,0.9926663,7.58E-06,0.007326177
QRPICT,0.96369773,2.31E-05,0.03627913
QYHNPR,0.99186534,0.001274848,0.006859771
QZL820,0.98725235,1.27E-05,0.012734927
R0HI1E,0.7616098,0.23719853,0.001191672
R7FP03,0.014494978,0.91152334,0.07398171
RDNOTD,0.9450592,0.037107475,0.017833333
RHJXWS,0.998519,0.000209083,0.001271907
RKXD3P,0.97963244,0.002532466,0.017835064
RMPAL8,0.006008554,0.011277278,0.9827141
RPP27S,0.95371825,0.010746432,0.035535354
RQH3KT,0.07956044,0.69031835,0.2301212
S7GZWC,0.97956216,0.011080638,0.009357281
S7J8A3,0.46230096,0.4400379,0.0976611
S913KH,0.9817229,0.010202861,0.008074304
SR566J,0.021044904,0.000227388,0.97872776
SSF0H9,0.7781507,0.035617407,0.18623199
T718DE,0.001805916,0.91810906,0.08008505
TGJ20B,0.032374565,0.87342876,0.094196714
TJ61N5,0.86788785,0.100104414,0.03200767
TN3IZ7,0.14741176,0.7317955,0.12079279
TOB5OB,0.98162514,0.00042758,0.017947253
TUNZFR,0.7933071,0.08141959,0.12527333
TX1I8W,0.000881365,0.000237381,0.99888116
TZISQ4,0.006689509,0.9167128,0.07659769
U0PZLQ,0.40316924,0.5088783,0.08795247
U4IYWZ,5.67E-05,0.99428093,0.005662374
U8I1LA,0.000564052,0.000348112,0.9990878
UJHQ2J,0.97691023,0.018857744,0.004232081
V430Z9,0.99305904,0.00603433,0.00090663
V4HYOA,0.013989618,0.9857788,0.00023154
V50UPU,0.9601944,0.001248863,0.038556606
V66D9F,0.998689,0.000372011,0.000938971
VBRW9V,0.99958986,5.47E-05,0.000355396
VFYL64,0.9992112,2.73E-05,0.000761396
VNJD86,2.93E-05,0.99973565,0.000235066
VT4FV1,0.99974436,0.000171185,8.45E-05
VTMJM6,0.07684915,0.105020575,0.81813025
VV4E5H,0.119791634,0.005066264,0.8751421
W7B3S5,0.002864275,0.000230086,0.9969056
WEVNCF,0.25294054,0.7348798,0.012179686
WM6KLP,0.6813885,0.30189207,0.016719457
WSOC79,0.93851644,0.019183703,0.04229983
WZ0G5N,0.4370016,0.5009971,0.062001236
WZ40LJ,0.9968934,0.000241077,0.002865422
X292N8,0.711951,0.0272401,0.26080886
XPD4SW,0.07189333,0.7121471,0.21595953
XRFFAM,0.9749108,0.016123218,0.008966065
XWNGYU,0.99875677,5.71E-05,0.001186046
XXXIOT,0.001996988,1.07E-05,0.9979923
Y7VVJU,7.34E-05,0.000228352,0.9996983
YQJL65,0.6980946,0.28308514,0.018820263
YQL491,0.7817555,0.18988177,0.028362643
YYYK9H,0.9065438,0.002969361,0.09048682
ZCZR1I,0.8317801,0.005225813,0.16299404
ZDPAP7,0.32512248,0.0838806,0.5909969
ZOXDKA,0.0190294,0.9291607,0.051809866